day_of_year,hour_of_day,season,holiday,workingday,weather,temp,atemp,humidity,windspeed,count,datetime,predicted,actual,log_sq_diff
97.9829181363,525.0,2.7900822233
134.860891343,835.0,3.30147849266
202.940411305,355.0,0.310363620157
273.187308827,222.0,0.0426999698446
313.989303078,228.0,0.10164407303
336.251833576,325.0,0.00115141798692
327.96617927,328.0,1.05686325049e-08
352.473070019,308.0,0.0180811117568
302.81819369,346.0,0.017661161962
264.812360979,446.0,0.270158716236
205.760481343,943.0,2.30604007771
150.842322992,838.0,2.92193920823
104.11236978,531.0,2.62963041814
72.6532831577,432.0,3.13774816339
54.1155776209,195.0,1.60955469609
35.8054800742,181.0,2.55475449118
32.84807897,199.0,3.15572173576
27.9650252119,49.0,0.298043856422
28.7261262272,17.0,0.251657309788
31.0790601252,16.0,0.403212478749
27.8428715973,7.0,1.64460448233
35.3760761376,4.0,3.93813466403
43.4988294161,41.0,0.00334006151247
55.7283243406,178.0,1.32045878473
64.4102382269,464.0,3.84692760316
95.7903252259,817.0,4.55530177134
117.157741481,382.0,1.3830100224
174.564765814,228.0,0.0706039259419
276.04516289,234.0,0.0270915211605
316.609952486,332.0,0.00223903330236
319.470596204,310.0,0.000899856993202
344.993551134,270.0,0.0596831328343
323.124211201,301.0,0.00499846070973
224.84748595,466.0,0.527757683266
163.634532814,888.0,2.84384098054
120.859638983,884.0,3.93116972671
75.5596469759,516.0,3.64799586163
62.1700759407,414.0,3.54360976926
40.3708648418,329.0,4.31191773956
32.4380523695,215.0,3.4804031525
29.9077313855,99.0,1.378660692
29.1231867029,57.0,0.429218656855
33.0958097511,14.0,0.674245106916
35.71738957,14.0,0.801383526956
34.8230468498,5.0,3.19276853835
40.9966943658,5.0,3.78625999438
54.7117892002,42.0,0.0670766820957
61.1755870865,153.0,0.822631168991
74.7367708295,508.0,3.62972694996
105.333141189,834.0,4.24712216763
148.214431556,387.0,0.9132113624
206.733426777,218.0,0.00278953768362
303.850605029,268.0,0.0156526265579
412.859210023,377.0,0.00821409561184
418.061365568,332.0,0.0528424588092
401.631803333,285.0,0.116984995728
282.25210575,353.0,0.0497109738716
267.188742151,450.0,0.270167448935
162.620504625,890.0,2.87232899807
125.548380122,788.0,3.34941840138
95.6359165597,513.0,2.79315272624
78.7866701248,387.0,2.50161321176
54.3907705129,283.0,2.67179049807
43.4857864421,229.0,2.69915187678
39.547813118,117.0,1.14105717036
41.1285206593,56.0,0.0914011954034
36.3253620813,16.0,0.618518859873
39.5231334701,10.0,1.70035793347
51.3566304436,5.0,4.69293851281
60.461455054,6.0,4.71975660707
63.7774413576,36.0,0.313644244815
71.4434516389,131.0,0.359994770971
86.4150552467,154.0,0.328051259498
106.016361618,467.0,2.17706059118
124.811605193,389.0,1.27997804716
175.452765625,224.0,0.0590719309778
218.855295926,252.0,0.0197177496015
325.947486103,332.0,0.0003364628952
281.304512604,375.0,0.0821411782211
354.099214853,365.0,0.000914222016129
278.058084586,395.0,0.122495983867
214.353738131,565.0,0.933759090944
177.250365429,425.0,0.759076975274
90.9583593121,233.0,0.872328460187
65.0236363748,232.0,1.59018568683
61.13207222,229.0,1.71300191969
48.3692496367,206.0,2.05460987321
42.9960278262,190.0,2.15553511415
29.7749153858,131.0,2.1202330343
36.8059016141,60.0,0.228874832928
23.909702911,30.0,0.0478427261862
31.7487287575,20.0,0.197439552615
40.0528301989,15.0,0.887874743814
44.3864794749,10.0,2.00879308815
52.5293962519,40.0,0.0711069683891
70.1009425874,148.0,0.54737167759
96.4190570673,420.0,2.14215711365
125.151238133,680.0,2.84286851925
139.898144434,331.0,0.734616500736
142.873501874,146.0,0.000462169700225
154.576155515,170.0,0.008935580348
177.494165642,221.0,0.0475769742203
196.011668355,248.0,0.0548449276471
207.637880013,185.0,0.0131913135972
170.697366906,214.0,0.0505820772022
144.992236493,344.0,0.739584470968
127.949990518,689.0,2.81322438398
104.410872096,678.0,3.46985747889
85.1461829236,452.0,2.75509030669
62.8864762767,296.0,2.36121466555
52.8866413826,267.0,2.57315084295
39.9610307832,202.0,2.5618718077
34.9673096245,120.0,1.47180592026
34.1246381454,50.0,0.139071420005
28.631825775,24.0,0.0288908730651
30.9770355988,10.0,1.13875093121
31.125798024,3.0,4.34040981907
37.5630867687,7.0,2.47386962955
49.7055602259,26.0,0.397150411223
54.3409254335,122.0,0.637876418036
66.0956460966,357.0,2.8036616785
107.998194686,687.0,3.39464970695
143.419319135,382.0,0.951237364744
212.946989703,204.0,0.00182485260192
281.793254576,221.0,0.0585827320983
288.023446155,292.0,0.000186726639664
256.923982674,294.0,0.0180392984917
250.857303287,262.0,0.00187414201059
219.954158975,306.0,0.108170271977
176.551727791,421.0,0.749511502017
145.991660984,638.0,2.15951429801
112.694527642,522.0,2.32887802928
91.6723099729,374.0,1.95400224611
63.1314626779,221.0,1.54192394199
53.3579552531,156.0,1.12498867199
46.9322201764,149.0,1.30153270058
35.6749353849,119.0,1.40516884653
38.2659431305,108.0,1.04242124592
39.8787071299,89.0,0.622837193886
44.1719648831,46.0,0.00157378453209
50.0652565389,28.0,0.320139286739
56.0091812828,16.0,1.46409754599
67.4805774612,9.0,3.7016415958
84.8238607741,21.0,1.85301411889
101.470516256,59.0,0.286471740254
132.666897128,142.0,0.00455540864739
148.679320453,219.0,0.148326968914
195.144189619,328.0,0.267503805641
209.940308961,340.0,0.230695082981
210.680451878,394.0,0.389136333301
209.41689648,449.0,0.577838358552
180.806893032,455.0,0.845567996526
167.048126237,448.0,0.965841754655
144.700029346,400.0,1.02497707103
119.354990884,410.0,1.50834648165
97.2119826312,297.0,1.23202286923
76.1480058636,239.0,1.28802795426
56.6047362384,181.0,1.32342452323
49.4098478131,166.0,1.43474224003
38.6469033516,146.0,1.71719989846
35.7210230778,148.0,1.96167161742
30.9088062393,102.0,1.37322529503
20.4688939022,165.0,4.18359037347
32.8442072728,37.0,0.0134138796165
35.7851371968,11.0,1.25481943761
37.4417517322,9.0,1.81322130376
45.1668282902,5.0,4.16364869194
62.6310523482,16.0,1.74210499673
67.9173409101,50.0,0.0906504887023
106.480380896,149.0,0.111106866583
141.676636434,217.0,0.179703314053
178.693103163,360.0,0.486684191553
241.002008686,445.0,0.373776854088
247.561161489,504.0,0.502495955738
267.422774752,493.0,0.372066160311
259.010603079,509.0,0.453855945044
229.09305745,449.0,0.449924019124
196.299327408,435.0,0.628722505901
129.081461351,327.0,0.855352569234
105.527936633,237.0,0.646196377302
83.7421464719,227.0,0.979570528419
51.5887455213,141.0,0.986694405086
41.9619829008,87.0,0.514119413343
38.0933648769,79.0,0.512761799219
33.4342485535,53.0,0.202439146553
30.3138569965,23.0,0.070759662746
31.9934329662,8.0,1.68761914371
34.6139893316,6.0,2.64657054663
38.27962719,4.0,4.24882609729
48.2453760843,16.0,1.13124949635
56.9881793605,39.0,0.137908050204
75.3456785878,139.0,0.367685780636
92.1626121848,461.0,2.56390038593
111.177834549,648.0,3.08124413016
125.219165874,257.0,0.511138885159
158.344814526,142.0,0.0117128386478
189.150627444,150.0,0.0531471687963
217.445937639,244.0,0.0131605984672
220.991239283,222.0,2.05558235209e-05
234.057564522,196.0,0.0311969949765
208.574952764,231.0,0.0103339273991
146.083942129,360.0,0.806178617112
108.3430983,638.0,3.11668597326
88.3528801281,542.0,3.25627743349
66.5612008285,372.0,2.91912449167
53.8268552684,241.0,2.20450510879
41.3150555361,152.0,1.65198317488
32.0745677922,115.0,1.57458715767
26.9413664232,53.0,0.434117304413
24.8312308095,19.0,0.0654602371047
24.8829227147,8.0,1.11589395502
25.3894836697,2.0,4.72781225704
27.7288302009,4.0,3.05712371121
30.941394819,7.0,1.91673300849
38.3984542801,41.0,0.004088711625
43.4033740302,149.0,1.48186758281
50.5131547831,387.0,4.07703994483
64.5256022068,588.0,4.82235119184
98.2378054055,363.0,1.68905067333
149.16814785,230.0,0.18546980871
192.171050507,216.0,0.013530641364
197.401211415,248.0,0.0516023905648
193.828194668,278.0,0.128948259955
214.56344863,240.0,0.0124415379189
154.99844001,272.0,0.313181022505
134.597951647,402.0,1.18644877156
91.646878986,627.0,3.66241954369
70.4233283524,497.0,3.7712689724
54.9368676548,371.0,3.58977502579
41.8468888511,228.0,2.80927422437
38.4651809863,151.0,1.81834904186
33.8530315137,153.0,2.20763873021
31.4671462264,205.0,3.41380119588
30.6843063716,283.0,4.8099189717
27.4191255493,92.0,1.40549830986
31.3824814509,74.0,0.70538251208
38.0790897043,11.0,1.3940073498
44.7182210156,9.0,2.31013198543
54.2141375517,27.0,0.461060725682
58.7164309337,118.0,0.475432708052
69.9909920039,319.0,2.26733726978
81.5377409369,601.0,3.94817611613
95.993261557,368.0,1.78531054862
122.879604992,178.0,0.1354796763
161.798426796,147.0,0.00908218841534
164.62919921,212.0,0.06327268128
159.867765036,181.0,0.0152334824806
144.717404254,161.0,0.0112205667204
130.859338365,198.0,0.169389114823
108.454846347,273.0,0.842019131356
89.9060989414,517.0,3.0281155779
73.1348712584,465.0,3.37934547539
53.4812603197,319.0,3.1345434856
54.1107149416,256.0,2.37077439807
45.8476506439,126.0,0.994579815318
33.8247234131,60.0,0.314212139569
25.4681307977,40.0,0.191520602306
26.5371561303,15.0,0.294791990456
32.7663638992,12.0,0.911100409823
38.1520261041,6.0,2.96370694171
54.6360688688,10.0,2.62743493861
69.0641774333,35.0,0.443413093301
89.470129464,124.0,0.104519011891
107.395059928,423.0,1.86036216642
147.148311394,668.0,2.27276786006
184.699305813,275.0,0.157031605442
215.086319114,161.0,0.0829910187168
269.595847024,171.0,0.205328511111
369.814851209,235.0,0.204187472639
440.441354967,228.0,0.430760111795
407.096414998,182.0,0.643231757382
359.176199034,233.0,0.185995743369
297.731000885,339.0,0.0167449065259
216.674277183,592.0,1.00439400608
167.120828494,507.0,1.22279034353
122.210272333,373.0,1.23290681447
98.64839587,245.0,0.816644025495
63.2511920027,233.0,1.67061011972
46.8976999567,161.0,1.48481255724
40.7943384792,87.0,0.554393311367
37.7958243369,55.0,0.134717678966
35.3260868708,20.0,0.300319006644
38.1243310327,12.0,1.21395264742
42.5311604213,9.0,2.16352304086
49.8224070192,14.0,1.48910070231
55.1773258115,27.0,0.484845819627
53.4896643119,131.0,0.782854909391
65.755320548,341.0,2.66922641778
107.121276367,693.0,3.45669318559
136.904880946,327.0,0.750734613691
176.027120418,197.0,0.0125359568132
243.359069207,251.0,0.000948045581725
308.506225856,262.0,0.0265117121581
332.361474689,299.0,0.0111186345618
304.530579407,274.0,0.011083619875
278.34794049,356.0,0.0601611395252
227.655748454,434.0,0.413614190924
152.538738607,654.0,2.10447922742
124.084953958,496.0,1.90328757332
50.6114523367,361.0,3.79431682327
46.7565813111,255.0,2.81924435926
33.4776974021,199.0,3.09058053811
31.4031577146,163.0,2.62962077408
23.2886879824,162.0,3.62422398477
25.8386274973,122.0,2.31752571617
23.1513257303,76.0,1.34436174742
27.0482953043,44.0,0.223478033344
29.0232455345,20.0,0.127770141508
26.386694046,6.0,1.86089738581
35.4556284292,10.0,1.43568465101
33.5337726838,16.0,0.502290302831
47.9832857046,71.0,0.148369015082
86.1623271038,146.0,0.273173870565
127.722620104,259.0,0.494239613974
192.272974773,350.0,0.35603019291
209.844704472,466.0,0.632354797779
313.363968649,606.0,0.432934180749
394.504282384,651.0,0.249882960706
398.022184521,627.0,0.20568324833
291.529848726,567.0,0.440304853601
298.287791213,605.0,0.497694077105
197.01868868,501.0,0.865344050473
117.057472554,359.0,1.2430744127
105.509260479,283.0,0.961855466733
78.055810431,192.0,0.796620733917
48.8050289057,220.0,2.22023928901
37.834074338,193.0,2.58746557357
32.1818206127,146.0,2.21542515309
25.1970100523,124.0,2.44193269459
28.09749834,108.0,1.74423707771
24.0530474728,70.0,1.08510639193
32.4474796792,48.0,0.145804733641
35.418491799,11.0,1.23247745624
35.76385983,12.0,1.0806973339
45.0119158816,19.0,0.694169133339
53.412796925,68.0,0.0564096419343
70.581491834,119.0,0.266932591729
111.558618414,273.0,0.79148418255
162.261304962,405.0,0.82992308521
244.332233153,504.0,0.521204703814
334.15588473,585.0,0.312172551121
381.758650992,686.0,0.342142702165
572.852841958,654.0,0.0174933014737
378.692801458,724.0,0.418362071732
280.575374805,653.0,0.710155388568
219.759142607,493.0,0.648771067157
169.238297742,405.0,0.755428593427
104.983787573,277.0,0.929941951151
69.5441548109,200.0,1.09634738618
54.6872851996,171.0,1.27180343689
42.6681129951,134.0,1.27386577135
39.437794928,109.0,1.0014315122
38.1895166518,49.0,0.0593476478611
34.3886546766,30.0,0.0175308390568
37.1126431143,20.0,0.355244167081
42.0641011391,4.0,4.63649338913
49.3370246914,4.0,5.33288021309
46.7993222439,24.0,0.420079802046
57.8907344877,71.0,0.0403939049877
74.333450714,264.0,1.5820748198
104.480970419,540.0,2.6728611182
117.152124024,397.0,1.47495930086
178.333003982,266.0,0.158407361874
233.647755416,367.0,0.202497715484
306.846529548,419.0,0.0965054934127
389.002128288,420.0,0.00584928790078
312.998489543,444.0,0.121582000965
244.207677715,382.0,0.198853095388
205.888530377,434.0,0.552295530342
171.956038412,596.0,1.53482282289
108.865538548,551.0,2.6059348032
93.4061539415,353.0,1.74686617971
68.0882034624,304.0,2.20501050381
64.5481329506,155.0,0.751812605076
51.1878120444,112.0,0.596816254404
49.571072295,63.0,0.055461834606
39.8034221084,23.0,0.281655357236
31.0097239517,5.0,2.80321439205
23.9496014119,11.0,0.53575255451
27.7509329666,5.0,2.45520929376
36.3481686182,9.0,1.73633008642
37.3895911376,18.0,0.494697536329
46.9397390618,50.0,0.0038292391944
52.7950769145,107.0,0.485738286778
63.8465374342,211.0,1.40318892952
83.4672387495,110.0,0.0746199089868
96.4354240071,94.0,0.000640745392019
123.235059002,155.0,0.0518384551552
155.398249634,196.0,0.0532677594042
172.088176878,218.0,0.0553522421586
220.006218981,203.0,0.0064113406138
224.578575446,217.0,0.00116782709969
180.593701132,310.0,0.289466738491
103.070785529,608.0,3.12139485601
86.0544846299,559.0,3.46481964294
64.9046596875,356.0,2.85450024804
50.8098957439,223.0,2.14348598253
43.1584889294,187.0,2.09860646488
29.468358066,135.0,2.23791481498
27.1694604048,84.0,1.2197276985
27.2663100586,24.0,0.0150785661811
24.1368777456,12.0,0.434790745367
26.1139099912,1.0,6.79592604298
27.914078577,5.0,2.47297374809
29.9388748419,6.0,2.20850310631
36.2059041305,39.0,0.00524349662069
48.6122495953,146.0,1.17981917807
58.2977329301,415.0,3.79514887979
94.0423883145,691.0,3.94126906302
125.799380274,332.0,0.93226041502
168.533904094,171.0,0.000208558246222
174.341984113,151.0,0.020408334179
200.392379499,240.0,0.0322352549172
214.621101369,214.0,8.32137229209e-06
202.337189154,181.0,0.0122897055298
175.459138349,260.0,0.153218281404
140.432944422,321.0,0.676877794299
102.365627816,583.0,2.99853724674
77.9772097709,567.0,3.89257941563
61.197666041,396.0,3.43590267463
51.8094997321,267.0,2.63833712792
42.1300000802,213.0,2.56562613577
32.4224857021,173.0,2.72192715387
21.4375688406,87.0,1.86759577901
25.7708093372,34.0,0.0718432819755
25.1661786111,16.0,0.185980305841
24.4724588762,7.0,1.34132597526
29.2498794467,2.0,5.34016596107
38.4719345729,5.0,3.5488171003
51.3242300391,37.0,0.102318987885
59.0823870188,147.0,0.812694202196
72.0898252904,410.0,2.98219758527
93.3313278747,646.0,3.7076771224
119.246966407,323.0,0.982469182353
127.600963937,153.0,0.0324858429905
153.660382051,166.0,0.00589243273479
168.513169168,213.0,0.054310157068
203.537672822,217.0,0.00406315539983
189.068244776,201.0,0.00370692315612
156.208056207,217.0,0.106879913761
120.66268449,342.0,1.07428687874
100.026062603,563.0,2.95728459012
81.3670406911,573.0,3.76920492564
58.5321253264,386.0,3.50404182446
50.0200123487,285.0,2.97139630687
36.8443305519,224.0,3.1777312864
31.7181069127,153.0,2.39947519626
31.8253539343,125.0,1.80924210124
29.3094088845,65.0,0.605589875836
28.9441896617,21.0,0.0950444820426
28.1758450262,9.0,1.14651851606
34.5811443214,6.0,2.64356932771
41.8373580376,5.0,3.86378426263
50.532167912,36.0,0.109751950757
66.1719460377,130.0,0.446146024445
79.2566998391,367.0,2.31908032321
111.081865707,711.0,3.41824027054
147.980484159,351.0,0.739283307997
164.027230899,198.0,0.0350417166935
248.169461703,218.0,0.0166568718809
270.619095955,290.0,0.00475031994511
299.780446207,278.0,0.00565034882114
288.909272017,251.0,0.0196389200959
243.252975867,267.0,0.00860859341382
219.777626567,383.0,0.306347385684
120.449054443,580.0,2.45002599179
82.6873746652,505.0,3.23801506067
80.3020122712,332.0,1.98802025839
64.6159431328,227.0,1.55133732581
50.7035761692,178.0,1.54221341616
38.6960016403,162.0,1.99515549441
35.6775311158,128.0,1.58167866286
35.9637817019,106.0,1.12973573488
28.2641710275,87.0,1.2121412793
28.1689246976,49.0,0.290433780745
31.9271385175,21.0,0.162614388024
31.8246282536,7.0,1.99300291952
39.5425851254,11.0,1.48217538742
47.3120661459,21.0,0.618800747645
57.871979994,78.0,0.0864845736616
82.8657578898,168.0,0.490954304904
157.878679906,248.0,0.201881277795
199.015273486,320.0,0.223773835142
259.830554913,423.0,0.236062343285
295.426406224,476.0,0.226307150852
316.223321931,525.0,0.255727636627
290.829518686,555.0,0.415507229552
271.91413901,549.0,0.491066037467
200.211698131,469.0,0.719740338063
155.954272066,403.0,0.893895322139
98.6998767333,271.0,1.00728848373
72.4607992985,253.0,1.5390445571
48.1283446103,172.0,1.58471702626
44.9218544075,139.0,1.24255896141
39.634003949,145.0,1.63584450433
28.0201746661,133.0,2.34043653605
26.6623014587,129.0,2.39464459106
26.8072517079,95.0,1.53524825286
23.4364981876,73.0,1.22763574878
28.0346457763,46.0,0.231994239045
32.1232405328,12.0,0.874759545343
37.9130681367,12.0,1.20205081161
45.2408002794,15.0,1.12630209779
55.6149185546,42.0,0.0756648326621
78.7900967298,119.0,0.166539363809
106.343054798,204.0,0.4185833193
132.4673956,329.0,0.819451191262
191.995239712,359.0,0.3886755727
208.322395705,442.0,0.562041308689
203.562824582,447.0,0.614527577226
187.682397845,428.0,0.674684410362
199.178783027,407.0,0.507024163012
140.212021445,372.0,0.943454695117
102.146566117,280.0,1.0044122975
74.5681092711,276.0,1.68735721629
60.5073303296,210.0,1.51955366218
50.0338669413,129.0,0.87430911546
41.5627024282,110.0,0.918821670977
36.4639275796,74.0,0.481788101724
34.8310090684,59.0,0.265772076514
32.4319202159,27.0,0.0314376405136
33.1271372728,19.0,0.285541260125
34.8764201773,5.0,3.19809125113
40.6222941996,2.0,6.91702441694
47.824068552,12.0,1.75105418982
57.8349604074,39.0,0.148885461509
69.0125641965,131.0,0.40211731608
84.9440689111,386.0,2.26420626325
102.725196979,663.0,3.44672994506
120.485476455,278.0,0.691254330206
136.560288951,139.0,0.000309061199497
170.568473453,197.0,0.0205304713395
198.13162995,242.0,0.039638970436
246.145334437,251.0,0.000378400744059
227.510160179,217.0,0.00221705478518
199.731456322,257.0,0.0629967874656
151.15409172,380.0,0.842550702391
123.668980544,619.0,2.57300017122
95.9723682292,580.0,3.20526246893
78.4602675477,406.0,2.66850542726
57.3736740749,259.0,2.23148812169
55.4371601643,203.0,1.65120491329
34.8045304398,113.0,1.34125123272
32.1695485856,74.0,0.665620800266
21.4632498037,108.0,2.4947167952
22.0473973628,69.0,1.23419299758
23.7190634431,50.0,0.524539347984
25.6209435068,15.0,0.259192517233
31.1336738551,5.0,2.81617077802
31.3591443775,13.0,0.701974728619
37.4664176191,27.0,0.100857742905
45.6848396109,63.0,0.0995172860732
55.2479320584,144.0,0.896741698766
61.0378869742,193.0,1.2998573801
79.7795353228,256.0,1.33946464064
125.854646027,392.0,1.27863559214
118.941678403,446.0,1.73067965183
135.738245302,509.0,1.73275690778
143.863911874,479.0,1.43518325307
164.144618918,484.0,1.16063416008
123.604843597,443.0,1.61462025095
76.1458726601,320.0,2.03274322567
63.403780775,297.0,2.34678240195
45.1002751026,249.0,2.85827037338
37.50471534,198.0,2.69788546693
27.1757406823,158.0,2.99443247098
23.9768243703,147.0,3.16578004021
25.8328698393,126.0,2.41665512687
21.1325009366,117.0,2.80106236641
21.7076467767,94.0,2.04826234269
24.0100535754,74.0,1.20606570157
22.1061148371,25.0,0.0139238215749
26.0252251189,7.0,1.48189026391
31.4730199651,8.0,1.64656377581
33.8068632572,16.0,0.51351734192
41.455811104,31.0,0.0799350617622
55.9827010459,93.0,0.250547350186
66.0051474046,172.0,0.899694271173
94.0125115281,293.0,1.27593105998
113.276609138,355.0,1.29119774681
122.885522026,520.0,2.06322229951
178.153839164,431.0,0.774718090774
213.476155534,473.0,0.628862881569
171.780415889,417.0,0.780501424156
144.730640739,443.0,1.24113986867
92.7142590877,303.0,1.38480492122
89.9040439218,203.0,0.653373957339
56.1885600567,174.0,1.25089035012
49.0684804984,154.0,1.27697557232
47.9120877893,99.0,0.511433266385
42.1668593504,96.0,0.65551356527
33.8201396541,51.0,0.160839316635
31.5512993257,21.0,0.153487519255
30.7855531214,13.0,0.672325468303
38.2804743649,10.0,1.62010203112
32.5549933278,8.0,1.73175363627
32.8861398803,5.0,2.99721481933
36.8284635069,38.0,0.000930239266422
48.7682713635,138.0,1.05492675476
56.296791735,396.0,3.74690216077
72.3205672797,731.0,5.2943219107
105.599787668,308.0,1.13264883042
157.931723471,136.0,0.0220504003332
190.60858927,233.0,0.0399465865023
253.835839973,268.0,0.00292592353691
352.393987294,321.0,0.00865495308252
403.835830423,260.0,0.192686953211
339.172821436,268.0,0.0551039977428
306.057123267,442.0,0.134348617665
152.889180513,708.0,2.33363138919
108.596423595,692.0,3.40116679722
88.5594647636,471.0,2.76249719542
55.8891147327,300.0,2.77557681552
42.3227988998,221.0,2.66995061418
35.0877819311,144.0,1.93426729783
32.4313556692,102.0,1.26615321143
28.6469401713,55.0,0.404486802077
32.4734361198,25.0,0.0638348696999
31.797330355,8.0,1.67216591154
34.6244785996,4.0,3.85570567844
40.7629226944,7.0,2.73097896969
53.4922314845,46.0,0.021877530278
48.5567822248,153.0,1.28557834817
77.4440741749,502.0,3.45292296078
98.6164292959,721.0,3.92316470639
135.395470465,336.0,0.818164377941
154.610487772,156.0,7.90284328179e-05
191.809542335,207.0,0.00575097836479
254.798326239,312.0,0.0407288278959
277.531777394,272.0,0.000402418028346
327.95907898,270.0,0.0375640767485
386.947226843,300.0,0.0643936566408
278.665096837,435.0,0.197179904083
165.118042498,743.0,2.24802763185
119.372668965,731.0,3.25870374713
86.3177872063,460.0,2.76837636663
80.0441941978,306.0,1.77383277141
68.1597911348,280.0,1.96542182428
60.3618969648,181.0,1.18204214272
49.5649018255,96.0,0.424391379542
58.3296999796,37.0,0.198491513147
67.8398745016,11.0,3.05157750104
50.4521932931,9.0,2.68326676601
60.2517016167,7.0,4.14346416424
82.1187489665,10.0,4.09000073344
104.606368919,49.0,0.559048823555
129.375851393,124.0,0.00177305893299
139.596959845,398.0,1.08798263425
163.216091609,759.0,2.34743839675
214.486499335,388.0,0.348904143153
262.533403418,141.0,0.382360519838
298.205205103,172.0,0.300126527039
321.78896463,232.0,0.106250114467
330.832316831,214.0,0.18834883335
374.82273483,218.0,0.291649522787
324.983948212,285.0,0.01712337929
261.334162885,377.0,0.133425879446
198.01172932,605.0,1.23991837615
154.981650682,609.0,1.85973382214
98.6093000998,414.0,2.03639460115
61.9524564927,293.0,2.37529739281
52.7541883224,198.0,1.71317533196
44.6909370305,105.0,0.708188107843
36.620102951,74.0,0.476030385775
32.243485598,44.0,0.0916900587666
33.1210299393,16.0,0.485391675746
30.8423367233,9.0,1.34145423741
33.186172892,2.0,5.92050590261
38.2564701042,9.0,1.87014153119
46.2070852869,32.0,0.128190086546
56.732165047,124.0,0.596755115897
74.2908511394,389.0,2.70532792848
89.841967954,659.0,3.93275880283
116.345636948,276.0,0.737698498532
123.485053047,145.0,0.0254150453113
154.836051871,178.0,0.0192047769236
203.181152425,235.0,0.0209740498143
215.865340589,245.0,0.0158898441906
185.784063291,212.0,0.0172499218472
185.945652433,270.0,0.137864339752
150.352231479,331.0,0.617049823695
109.733416286,617.0,2.95620843743
80.2375612826,565.0,3.76832095873
48.5521707017,373.0,4.08536961856
38.6463685734,227.0,3.06021237978
31.9435956719,191.0,3.10710598432
26.1741142974,133.0,2.54585945307
24.1925241034,93.0,1.73382396382
22.2651518022,48.0,0.554821913579
21.5933688328,28.0,0.0623198206672
26.0499463543,11.0,0.660608682477
24.0479426072,5.0,2.04213309575
32.1212143981,10.0,1.21501838242
35.0023432036,26.0,0.0827984276982
48.8079715675,84.0,0.285664822939
53.9302631036,215.0,1.87474689713
76.6442112445,441.0,3.0247223225
83.8005677734,301.0,1.61321695463
109.184565023,166.0,0.172920401269
118.422042532,203.0,0.286713341159
139.460051641,240.0,0.291463736238
154.904423255,220.0,0.121744854794
132.220965501,215.0,0.233549180855
116.65694433,303.0,0.901084224702
91.5668385164,375.0,1.96464565706
98.3214010698,568.0,3.04683786044
74.5074464662,498.0,3.56595944445
55.4847185804,352.0,3.35804863768
46.0222467575,241.0,2.68408226866
27.3326228391,171.0,3.25254222254
24.0852599193,165.0,3.57099394019
22.2618127405,122.0,2.77346149194
22.7272042146,103.0,2.18380018922
22.7504667252,100.0,2.09530933007
24.6139391589,70.0,1.03946828639
28.6634622112,29.0,0.000127268221192
34.4623642991,12.0,1.00705764095
40.808876869,6.0,3.19407859713
50.0420603348,20.0,0.78877057626
54.6331151538,39.0,0.108833459818
79.3249809067,111.0,0.110501862347
92.6922312683,170.0,0.361980654494
125.894185523,287.0,0.671755512866
135.867629279,404.0,1.17694903124
140.963620867,486.0,1.51953274568
136.546507812,547.0,1.91078975082
127.473228483,542.0,2.07760160346
128.382576582,541.0,2.05203412133
109.049584318,507.0,2.3395244776
74.2774359174,345.0,2.3264130067
63.8233399278,304.0,2.39830460066
51.595286852,246.0,2.39247214165
30.7203072546,182.0,3.07135813999
26.094169672,209.0,4.19343965433
27.0663376123,160.0,3.05142712475
26.1959032147,162.0,3.20654867198
28.9617630616,118.0,1.90219674729
29.6760680613,102.0,1.46711730763
32.106810931,78.0,0.756393436704
36.3904057735,48.0,0.0731194895919
38.1899823244,12.0,1.21765002162
51.8099166626,8.0,3.13103969232
56.3148996581,6.0,4.42113899815
78.2442745385,23.0,1.42678565782
94.1525074811,69.0,0.094240222628
112.30773167,103.0,0.00734731961612
127.609643737,219.0,0.288203356267
138.233897107,250.0,0.34727178768
154.146332697,315.0,0.506052199756
130.704535303,285.0,0.601292872923
119.908820898,232.0,0.430338280685
84.8558796444,225.0,0.936762516647
72.0775252263,253.0,1.55205102757
59.4527340816,229.0,1.78547721819
49.7518053561,198.0,1.86693318376
43.4229055872,122.0,1.03719788745
29.906450328,108.0,1.58856523518
25.5784158598,96.0,1.67601900312
25.1740346335,78.0,1.22031785298
20.7158260549,51.0,0.762482453317
19.2717854642,20.0,0.00124555329046
20.3567760627,4.0,2.1081040843
25.8925934092,5.0,2.25027433292
29.3471059057,4.0,3.25175832434
34.5499443666,12.0,1.01201433863
41.7821972288,27.0,0.17970609198
51.4916032747,123.0,0.738960893975
63.6153676299,294.0,2.30591235918
77.767849388,584.0,4.02045382606
91.3275222109,284.0,1.2704601366
120.659968744,133.0,0.0093334511323
137.088822112,134.0,0.000511770184139
120.830649564,173.0,0.127037595254
117.629231826,220.0,0.387082780957
142.149101153,210.0,0.150521792481
139.993961835,236.0,0.269717230111
116.394181892,345.0,1.16834789463
102.08705491,616.0,3.20157731041
71.419750642,564.0,4.22034024069
82.6797731408,427.0,2.66383497402
48.3125943528,300.0,3.27223046835
36.7938240045,245.0,3.50882516413
44.2107519632,126.0,1.06678356916
33.4655330169,84.0,0.814851898707
39.308059464,31.0,0.0532758102088
40.3469114,8.0,2.32493315064
44.1752960242,1.0,9.71820276579
34.5154443611,3.0,4.76842905135
38.6943466261,8.0,2.20220909948
49.2151351425,41.0,0.031914700529
60.540459629,118.0,0.434846150324
81.8583250574,380.0,2.32766026116
105.799537059,724.0,3.6680602288
126.201686364,334.0,0.937714550144
165.362738939,154.0,0.0050049203578
190.451232633,173.0,0.00913511912104
191.362160842,226.0,0.0274134804687
228.39781524,254.0,0.011194880922
211.106270401,204.0,0.00116127228602
186.256486182,270.0,0.13663340426
158.208324958,358.0,0.661145959661
97.2469823967,601.0,3.28614561797
79.3040914774,546.0,3.68113428638
64.6718157218,433.0,3.56595895132
53.4775043792,257.0,2.41855911647
46.6797209665,207.0,2.16982300545
36.1248975905,106.0,1.12050903989
35.6567083679,64.0,0.328089323045
35.6087490547,34.0,0.00201953129776
29.1460026133,21.0,0.0992312230602
34.0613617998,9.0,1.57380695118
35.1707670437,10.0,1.4169473581
43.4466263176,4.0,4.77357454013
48.8578274987,37.0,0.0737607725306
58.1172935168,128.0,0.608850780346
73.0541053339,369.0,2.5879382969
81.1804148102,688.0,4.52125485862
110.763481365,285.0,0.882861212948
144.286554523,136.0,0.00344887280223
180.451765108,172.0,0.00227512466567
235.617674375,232.0,0.00023738170986
229.37496522,238.0,0.00135095111612
198.531656867,225.0,0.0155157153849
171.549995955,228.0,0.080108798463
141.796601093,329.0,0.701693385618
96.7897042208,561.0,3.05789066841
84.2896129231,540.0,3.41276336546
58.0196863217,402.0,3.69049268306
51.7811981834,268.0,2.65219577639
43.6269954575,202.0,2.29482209982
38.3959210435,122.0,1.29623250671
31.4619176713,79.0,0.813530031095
32.7364718284,32.0,0.000487170569856
32.8110430897,23.0,0.117466346212
31.3919033761,8.0,1.64015129894
35.6690456345,2.0,6.26661436329
42.9386271681,8.0,2.51402983323
51.7978329162,33.0,0.193696479378
62.4689946679,114.0,0.353288315077
67.7548680313,385.0,2.97662498955
81.7335407511,679.0,4.43720620066
126.712197621,325.0,0.878190342911
180.174803786,167.0,0.00570000124246
215.763751903,189.0,0.0173670193365
241.880959229,282.0,0.0233709044502
266.370847904,271.0,0.000294651922676
245.592666209,242.0,0.000215396931934
216.143188313,280.0,0.066459643517
164.536347374,406.0,0.809320450249
122.614039715,550.0,2.23374151947
99.9907121262,466.0,2.34488184669
71.7014122265,348.0,2.46085455433
62.0571490429,241.0,1.80874601281
47.5135018587,213.0,2.20265333512
31.8770248576,148.0,2.28364149276
30.1214961536,120.0,1.84387006046
24.0979358385,47.0,0.4204425383
22.802627741,26.0,0.0158863039694
25.2211729513,9.0,0.929261526377
25.7326045588,12.0,0.51974670826
27.4181040894,10.0,0.900849915622
36.636142669,34.0,0.00527319505403
32.6317034353,113.0,1.49017995471
50.9041791209,308.0,3.18244894307
66.5387288693,636.0,5.03584325857
77.1521661077,343.0,2.19627623119
84.1197449889,190.0,0.653210513715
139.434876123,211.0,0.169614169433
210.576177106,273.0,0.0668444814564
205.509309766,313.0,0.175600799638
251.605400507,299.0,0.029568138666
207.359676854,309.0,0.15785245137
149.011421071,417.0,1.05015355465
98.8455678037,622.0,3.35227481515
101.746891377,455.0,2.22076819855
71.8687380874,319.0,2.18939750819
49.5201901324,221.0,2.19130088245
30.7980614231,172.0,2.86925068929
25.6017954864,138.0,2.734046443
24.3431991431,134.0,2.79814061337
29.1239517221,94.0,1.31918156968
21.7743272324,95.0,2.06989880393
24.2200889183,69.0,1.04214367704
25.8473620855,23.0,0.012569490569
26.214254558,6.0,1.84370435
42.8873296704,3.0,5.73761203349
49.7978871647,11.0,2.0820992559
57.9800493246,48.0,0.0343653519774
76.2859286545,119.0,0.19358225897
87.7796921935,220.0,0.831752699022
148.270017992,273.0,0.368899822217
173.444783855,393.0,0.663805573715
245.238475129,453.0,0.374295227325
226.647666305,456.0,0.485647700276
234.54406078,426.0,0.353889379962
226.450801815,447.0,0.459493194218
175.334963164,413.0,0.728429113721
146.074132849,309.0,0.555972347661
98.39967252,272.0,1.02075251603
66.8872507692,257.0,1.78252227097
60.0026199856,201.0,1.43364913838
46.9804692491,184.0,1.82131701859
41.6574059572,156.0,1.69792601541
38.0965989086,119.0,1.25766415208
38.9437097837,110.0,1.04460458664
29.307350505,96.0,1.35331506148
26.5847622893,87.0,1.34577002699
29.504246936,38.0,0.0603663909574
36.2655403615,11.0,1.2840570224
43.8569146137,9.0,2.25267876368
53.7797296956,6.0,4.23293623895
64.5074068704,27.0,0.722429805414
80.2850316079,88.0,0.00822186190239
94.5184640841,132.0,0.109580568421
107.128835327,257.0,0.75626703176
115.903672077,295.0,0.863058045783
145.55953469,417.0,1.09840818725
156.374870891,356.0,0.670933180909
143.817439392,310.0,0.584183536349
114.697296802,338.0,1.15567410074
97.4251559026,400.0,1.9730837805
80.5614338067,243.0,1.20080328178
65.3275005611,107.0,0.237682211228
40.2338906118,109.0,0.962792413486
43.9170569577,122.0,1.01478775906
29.4854374861,106.0,1.57648044418
35.3328868248,89.0,0.82280567551
22.915793003,33.0,0.123778359982
26.060877215,28.0,0.0047895798322
27.0047297666,15.0,0.313358903532
25.8179750967,5.0,2.24194593855
28.1672621102,3.0,3.947185729
29.3938578332,5.0,2.63244483487
46.736632235,24.0,0.418380316313
46.8661226622,108.0,0.677230045014
57.4697839749,319.0,2.88935705579
85.7336617016,592.0,3.69543850235
105.688598923,282.0,0.951663847326
114.257029819,135.0,0.0273870094269
130.574205875,170.0,0.0686925104334
133.128343981,232.0,0.304970476729
131.062402229,210.0,0.219570569985
120.688692157,181.0,0.16203894038
109.7982481,211.0,0.42103917034
81.2782963535,302.0,1.69943930454
67.5898176037,495.0,3.91419252354
54.3689322789,507.0,4.91270734519
51.8654056645,340.0,3.47499299572
39.2531850538,200.0,2.58603634758
33.0113761173,120.0,1.6106033507
29.1255343007,54.0,0.362355910773
26.9700155506,47.0,0.291673388153
27.7002511228,18.0,0.170128938219
28.4541460002,15.0,0.372400130404
34.2273468066,7.0,2.19745383596
36.8422210601,5.0,3.39173354257
47.7458407214,8.0,2.85405647267
47.3844176956,36.0,0.0719633743794
47.2794655133,118.0,0.813815383906
57.8321029962,355.0,3.24087505928
76.2381454433,662.0,4.62199064992
107.153478493,326.0,1.22414055535
159.658436932,184.0,0.0199022186639
245.229908911,269.0,0.00849277818397
319.436802799,313.0,0.00041176882948
367.447424641,286.0,0.0624079397837
284.327506319,247.0,0.0196585410573
264.51113343,246.0,0.00522272698636
222.934275179,363.0,0.236002877057
149.562337324,572.0,1.78625501546
116.214471652,525.0,2.25388927413
95.2454575065,353.0,1.6962330898
63.1710827383,268.0,2.0539438451
55.1415622032,168.0,1.21445318817
45.9535312804,132.0,1.08407809825
44.0859390778,81.0,0.357782012634
31.3753537778,41.0,0.0677416029057
30.4070128058,15.0,0.454872663555
31.144468101,3.0,4.34283097039
27.6347697557,5.0,2.44253836848
29.903084569,7.0,1.8263210467
40.381683513,31.0,0.0661016712915
45.5137925801,112.0,0.78790287977
59.1620106893,363.0,3.24040597101
55.4921334519,678.0,6.18278036788
88.7507608592,317.0,1.60026264133
125.469790268,164.0,0.0707251507508
228.58556203,200.0,0.0176812526054
235.980026279,236.0,7.10326255425e-09
257.151314589,213.0,0.0351824631224
237.682899438,218.0,0.00740703973417
211.279286629,237.0,0.0130800111145
180.584176154,334.0,0.375047484217
141.749407897,562.0,1.88290245261
109.162368463,569.0,2.70168725089
89.2434853261,336.0,1.73599471162
57.9027662454,241.0,1.99670937408
42.3321053257,168.0,1.85233431652
39.1897313085,129.0,1.37809503983
None,88.0,6.93476049957e-310
